"Neighborhood","Price","Bedrooms","Bathrooms","House Size","House Description","Neighborhood Description"
"Green Oaks","$800,000","3","2","2,000 sqft","Welcome to this eco-friendly oasis nestled in the heart of Green Oaks. This charming 3-bedroom, 2-bathroom home boasts energy-efficient features.","Green Oaks is a close-knit, environmentally-conscious community with access to organic grocery stores and community gardens."
"Meadowbrook","$650,000","4","2.5","2,500 sqft","Spacious family home in Meadowbrook with a large backyard, perfect for entertaining. Features a modern kitchen and updated bathrooms.","Meadowbrook is a family-friendly neighborhood with excellent schools, parks, and a community center."
"City Heights","$1,200,000","2","2","1,800 sqft","Modern condo in City Heights with stunning city views. Open floor plan, gourmet kitchen, and access to rooftop pool.","City Heights offers a vibrant urban lifestyle with easy access to restaurants, shops, and entertainment."
"Sunset Ridge","$725,000","3","2","2,200 sqft","Charming ranch-style home in Sunset Ridge with a large front porch and mature landscaping. Updated kitchen and spacious bedrooms.","Sunset Ridge is a quiet, established neighborhood with tree-lined streets and a peaceful atmosphere."
"Oakwood Estates","$950,000","5","3","3,000 sqft","Executive home in Oakwood Estates with a luxurious master suite and a finished basement.  Large backyard with a pool.","Oakwood Estates is a prestigious community with large homes, manicured lawns, and a country club."
"Riverbend","$580,000","2","1.5","1,500 sqft","Cozy cottage in Riverbend with river views. Updated kitchen and bathroom. Perfect for a first-time homebuyer.","Riverbend is a charming neighborhood with a small-town feel, close to the river and local shops."
"Pinewood","$700,000","4","2","2,300 sqft","Updated split-level home in Pinewood with a large family room and a fenced backyard. Close to schools and parks.","Pinewood is a family-oriented neighborhood with good schools, parks, and a community pool."
"Hillcrest","$1,100,000","3","2.5","2,800 sqft","Contemporary home in Hillcrest with panoramic views. High-end finishes and a gourmet kitchen.","Hillcrest offers breathtaking views and a luxurious lifestyle, close to hiking trails and wineries."
"Harbor View","$875,000","4","3","2,600 sqft","Beautiful home in Harbor View with water views. Spacious deck for entertaining and a private dock.","Harbor View is a waterfront community with access to boating, fishing, and other water activities."
"Willow Creek","$620,000","3","2","1,900 sqft","Charming home in Willow Creek with a large backyard and a screened porch. Close to parks and walking trails.","Willow Creek is a peaceful neighborhood with a strong sense of community, close to nature trails and parks."
